{"train_mAPs": [0.08457704207726034], "val_mAPs": [0.11512747105663737]}