{"train_mAPs": [0.08363564009730028], "val_mAPs": [0.11313824790634996]}